SqFt_Living,SqM_Living,Total_Rooms,Bathrooms,Luxury_Score,Price_USD
1660,154.21898,6,2,84.5299953142657,298808
4572,424.752516,12,2,26.143512582630446,730570
3892,361.578476,10,3,4.080444391818411,619401
1266,117.61519799999999,4,1,74.19017878131254,226211
4244,394.280332,12,1,11.528028899321685,684964
3971,368.917813,10,3,32.1770392726838,644706
3719,345.506257,10,1,1.3778962783103672,593762
930,86.39979,3,2,68.48527875776038,178138
2485,230.863955,7,3,17.546069135650903,434100
1569,145.764807,4,3,65.87295855947416,307891
3191,296.453473,9,1,99.18251909961604,530352
3233,300.355399,10,3,8.194416289391611,550607
1984,184.319552,5,1,8.630723183194608,332764
4185,388.799055,11,1,34.69762917400082,681385
4917,456.804051,13,1,86.77226491088287,765560
3704,344.112712,10,1,22.337457010341854,600368
1274,118.358422,5,1,36.67740417310441,229363
1882,174.843446,5,3,7.782035256070977,331189
3358,311.968274,10,2,76.55237383463005,560670
2847,264.494841,9,2,41.422327933185656,477219
3547,329.526941,9,3,76.16562457302344,601518
1775,164.902825,6,3,90.45717659033271,320863
2606,242.105218,8,2,24.043551563027588,444244
989,91.881067,4,2,80.93220700365518,223024
3534,328.319202,10,2,6.850295117747074,550317
3805,353.495915,10,2,89.98589142984449,617039
2699,250.745197,7,2,65.426086208316,446857
2067,192.030501,7,1,87.5484456896968,346179
2328,216.278184,6,3,1.0186515561016078,387283
4002,371.797806,11,1,17.739025965243258,654344
4356,404.685468,11,2,39.58617935522272,723031
4690,435.71507,12,2,38.57078743409714,752806
1446,134.337738,4,2,23.446307909427556,256725
3688,342.626264,11,1,38.77958204685281,607999
3235,300.541205,9,1,13.756022488025227,487541
1400,130.0642,4,2,41.86335179733658,242544
3163,293.852189,8,1,80.43307858676715,490712
2861,265.795483,8,1,48.42793624723177,457850
1041,96.712023,4,2,2.7820088055762837,185201
2841,263.937423,9,1,42.7229601163455,491859
3624,336.680472,11,3,3.6903265929935722,547922
3412,316.985036,10,3,96.65809765997302,569881
2163,200.949189,6,3,13.617941982864028,381467
2278,211.633034,7,3,71.06114430673125,407073
3356,311.782468,9,2,97.3048559663165,584787
1575,146.322225,4,2,82.77786611499062,295221
4814,447.235042,13,2,70.23222213749416,781760
834,77.48110199999999,3,3,84.10663004057592,159343
3952,367.152656,10,3,98.19807063280213,642615
2755,255.947765,8,1,62.51310522809943,434012
2385,221.573655,7,1,56.359295876103324,412610
4743,440.638929,13,3,63.19557293586485,774319
3873,359.813319,11,3,53.734912789393945,641400
1821,169.176363,5,3,63.87382148506216,317703
4261,395.859683,12,3,45.534378589283364,678662
3413,317.077939,9,1,22.625875105447403,554616
4643,431.348629,13,3,12.904475424655887,733990
2300,213.6769,6,1,7.765752617693779,366247
961,89.279783,3,3,27.068262591566807,186937
2781,258.363243,8,3,5.56623286923765,453352
1795,166.760885,5,3,57.14990721201917,312679
4142,384.80422599999997,11,1,29.099016255328507,643733
4598,427.167994,13,1,82.62894600061618,747956
2075,192.773725,6,2,8.349846425850258,376260
1816,168.711848,6,3,23.40879793980711,321496
1137,105.630711,4,2,73.29436856192444,228545
1678,155.891234,6,2,60.28202134196565,311802
1876,174.286028,5,1,7.384635853667586,323375
4793,445.284079,12,1,87.84670625905784,758815
1179,109.532637,3,2,87.84891451979178,260217
1292,120.030676,5,3,33.71039238370161,234182
2862,265.888386,8,1,34.700178491606906,480961
4684,435.157652,13,3,98.91380747666722,775335
864,80.268192,4,3,62.99144098772068,157821
3368,312.897304,9,2,53.60033553623785,550537
2827,262.636781,9,2,83.97706617164052,481694
3495,324.695985,9,2,29.243743497374325,572096
2295,213.212385,6,2,43.489076746239334,397469
1191,110.647473,3,1,27.509890873345082,230516
4361,405.149983,11,1,79.12692381228442,704862
3078,285.955434,8,2,57.761585217886584,518571
3899,362.228797,11,1,66.22368194386698,632420
1000,92.903,4,2,25.97841773410125,179935
3904,362.693312,11,3,22.802304836354196,635646
3254,302.306362,9,3,49.34908826931093,554206
4445,412.95383499999997,12,3,74.01900916018985,743185
1604,149.016412,5,2,52.99873599449586,299259
3531,328.040493,10,3,4.231922077021192,595511
3573,331.942419,9,1,86.9865991257086,594630
2370,220.18010999999998,7,3,7.4040024579980255,414938
3490,324.23147,10,3,95.62662388835447,601686
4640,431.06992,12,3,3.4890538694499997,738347
1828,169.826684,5,1,69.75059515694016,334040
1302,120.959706,5,2,9.138499307466384,223018
1670,155.14801,5,1,91.15698136407882,308978
1006,93.460418,4,2,46.978890386328736,208951
2284,212.190452,6,2,14.614853706884523,401289
1663,154.497689,5,3,34.74075427919482,313709
3590,333.52177,10,2,17.317642859329442,597925
1363,126.626789,4,1,17.88760924415191,241536
4991,463.678873,14,1,94.86272369697278,797441
2557,237.55297099999999,7,2,45.079365116194026,428442
2478,230.21363399999998,8,3,79.0914241266306,436512
4042,375.51392599999997,12,3,64.3209505565905,637032
1859,172.70667699999998,5,1,67.96620987150084,347419
2522,234.301366,8,3,14.037650408731814,426765
4114,382.202942,11,2,24.18426023473308,655711
3957,367.617171,10,2,78.88828318028925,611381
3425,318.192775,9,1,97.10585444100352,567618
3529,327.854687,10,2,27.00488861726652,571773
2397,222.688491,7,1,27.885307710352947,386671
3860,358.60558,10,2,47.81681614827958,618467
3493,324.510179,9,1,98.40019097268835,578230
4427,411.281581,13,3,27.626935636820637,705751
2163,200.949189,6,2,41.29021905379212,381286
2781,258.363243,7,2,89.25652154672717,463769
2463,228.820089,8,1,1.2891822295148387,407026
2329,216.371087,6,1,4.936830533868385,403038
2838,263.658714,9,2,60.8030960300507,477311
4102,381.088106,11,1,90.83063630657185,673805
3037,282.146411,9,2,24.646809379790838,504869
2106,195.653718,6,3,47.49453569339019,370518
4829,448.628587,13,1,45.59606486412401,767464
3475,322.837925,10,2,47.82416326345551,562244
2082,193.424046,6,3,62.629449877244774,372091
1509,140.190627,5,3,47.50463253607769,276601
4548,422.522844,12,2,45.29934599092333,754451
1463,135.917089,5,1,47.95455362269479,276208
2798,259.942594,8,2,59.49587668583311,449807
4245,394.373235,12,3,54.16374134678448,671625
4543,422.058329,13,2,85.55946376739992,736604
2295,213.212385,6,1,5.900188495872995,374500
4104,381.273912,11,3,83.49839007582824,674551
4563,423.916389,13,2,84.54853664856068,751127
2653,246.471659,8,1,29.205894131565124,443527
2091,194.260173,7,3,46.822343546569215,372598
4381,407.008043,11,1,44.41531036520611,722725
4257,395.488071,11,3,22.632473601058898,667243
2436,226.311708,7,2,40.282887861545326,415015
4496,417.691888,12,1,5.394389444914589,701793
3799,352.938497,11,3,28.50438520539171,642082
3952,367.152656,11,1,81.85153536962109,611030
1498,139.168694,5,1,29.171667874526857,233052
2960,274.99288,8,2,82.0024602060765,504970
4897,454.945991,13,1,53.628346995838655,797170
1654,153.661562,5,3,88.10640505875483,322320
4274,397.067422,12,3,57.9031758721771,685665
2507,232.907821,8,3,3.937154083409242,444433
3577,332.314031,9,3,67.86660054716184,576651
2533,235.323299,8,2,5.440503234333297,440650
4310,400.41193,11,1,45.60910487933026,674133
1002,93.088806,3,2,93.01324275283828,203625
4055,376.721665,12,1,17.355189994447166,656310
1566,145.486098,4,1,39.597362941212864,255826
3127,290.507681,9,1,73.25617057599936,540736
3731,346.621093,10,2,88.34359705338991,611949
997,92.624291,4,1,67.42335746950828,200093
2730,253.62519,8,2,26.559152164925752,472244
4382,407.100946,12,3,67.7861774387054,703960
1408,130.807424,4,3,30.37603646930491,278187
4072,378.301016,11,1,72.12449375205479,684832
1947,180.882141,6,2,95.44927963091901,341306
4197,389.913891,12,3,72.41795165952254,709574
3311,307.601833,9,2,86.42516978832883,527526
2594,240.990382,7,2,1.208280474412458,435185
1459,135.545477,4,1,72.03964034842784,249828
3611,335.472733,11,3,83.12916812965979,617414
2169,201.506607,6,1,5.015315016923461,374259
2786,258.827758,7,1,87.28817500153482,501518
946,87.886238,4,3,26.41272860269454,213501
4019,373.377157,11,3,66.86391809582747,658736
3711,344.763033,10,2,80.23513302331726,596470
2534,235.416202,7,3,66.60378679287619,446906
2643,245.542629,8,2,10.136194415252467,437566
1288,119.659064,5,2,60.035830367176466,268474
3776,350.801728,11,2,55.408782015492214,584986
2759,256.319377,8,3,90.13180553935288,509697
3185,295.896055,9,1,41.01973323477671,528933
3719,345.506257,11,2,32.78702861161796,592212
2602,241.733606,8,1,75.23522567921016,451356
4861,451.601483,13,1,41.85485728225627,791982
4169,387.312607,11,3,64.96352132550123,685057
1062,98.662986,4,1,64.99855892233609,180825
1423,132.200969,4,1,88.91586737165166,261825
1816,168.711848,5,3,60.27054782959064,345045
4443,412.768029,13,2,50.713207386236704,724042
2849,264.680647,8,1,14.748261313255183,462952
4523,420.200269,12,3,12.458023061191831,745566
3908,363.064924,10,1,16.27783496302486,635545
4890,454.29567,13,1,18.01299965138236,784347
2856,265.330968,8,2,64.14983217369976,475070
3970,368.82491,11,1,74.35714377718327,637760
2482,230.585246,8,3,53.46916076971545,402494
3055,283.818665,9,1,83.07275552200362,505973
1954,181.532462,5,2,99.13505944662968,366957
3991,370.775873,11,2,82.18125028281625,652024
2496,231.885888,7,3,69.79335499391996,440041
4791,445.098273,12,2,53.716777244277516,786061
2448,227.426544,7,1,45.436454095796115,416879
2245,208.567235,6,2,9.354845673909692,385678
4999,464.422097,14,3,40.537506091074405,782590
4723,438.780869,13,2,91.1033290414313,761832
1053,97.826859,3,2,80.99424036074873,240048
3983,370.032649,11,2,22.389085136157032,643484
3357,311.875371,9,3,47.19417068502437,586439
898,83.426894,4,2,81.85559705329591,180224
3000,278.709,9,2,7.671070923766729,495043
3761,349.408183,10,1,39.35186598119727,601280
4577,425.217031,13,3,85.33228245052082,757496
3669,340.861107,10,2,40.98588855284225,611972
4034,374.77070199999997,12,3,8.683849828412646,660873
4591,426.517673,12,2,54.710902484692895,755219
1756,163.137668,5,2,86.31250699691124,320464
4867,452.158901,14,2,59.43826875236281,779079
960,89.18688,4,1,23.40163171320895,157307
2100,195.09629999999999,6,1,39.039722393600755,367384
4787,444.726661,13,1,45.56221275701129,764745
2327,216.185281,7,3,58.34736902823216,404700
2018,187.478254,6,3,76.17575154950869,360072
3904,362.693312,10,1,10.788488146422905,622204
3535,328.412105,10,3,89.07555126873906,589521
1754,162.951862,5,2,2.2186605985914833,295623
4246,394.466138,11,2,37.63518113275127,688020
1845,171.406035,5,2,3.7146106872931077,324755
2493,231.607179,8,1,39.904448309183834,405372
4236,393.537108,12,3,53.05544728845905,685000
1362,126.533886,4,1,51.656457271569664,246561
3285,305.186355,10,3,17.397206355798268,541301
4154,385.919062,11,2,64.92831049946562,674162
1025,95.225575,4,1,5.433066599962154,199732
1759,163.416377,5,3,76.42877519310912,299350
3867,359.255901,10,3,94.71779896536108,621868
1615,150.038345,6,2,34.63711388796067,292080
3920,364.17976,10,1,52.206698789718864,624401
816,75.808848,4,1,38.512117527822625,178366
2043,189.800829,7,1,1.6643286401019355,359329
3005,279.173515,8,2,39.20157578661648,502096
3324,308.809572,9,1,79.3803056668733,533396
1869,173.635707,6,2,60.0028953761647,348169
4244,394.280332,11,2,11.024731546900734,681788
3365,312.61859499999997,9,2,84.86680947968472,539419
1860,172.79958,5,3,53.57744914363904,313737
3127,290.507681,8,1,84.33061281272293,543670
4220,392.05066,11,1,58.44193035971791,699955
1101,102.286203,4,2,56.40915603895605,178674
1406,130.621618,5,2,11.420659334504226,232817
3970,368.82491,10,1,17.56861358072417,651126
1499,139.261597,4,2,97.23050039316252,284018
1939,180.138917,5,1,23.620187928722306,341101
990,91.97397,4,3,97.76775968104643,212124
3100,287.9993,8,2,53.65935794590207,525549
1780,165.36734,6,1,14.443115659329775,304976
3775,350.708825,11,2,10.830918072615601,601852
1984,184.319552,6,1,21.67754299986826,352816
4127,383.410681,11,1,92.63809567250824,675608
4194,389.635182,12,2,42.00087220849445,687286
927,86.121081,3,3,40.14799253129852,194441
2865,266.167095,9,1,32.007419845947226,463856
2616,243.034248,7,1,15.55912320609225,454637
1369,127.184207,5,1,49.297268522048235,255533
2695,250.373585,7,3,13.87473046860273,446699
3533,328.226299,10,3,83.71254340185044,610867
4663,433.206689,12,2,37.669301641255345,727171
4814,447.235042,13,3,38.10555321039784,808265
3701,343.834003,10,2,47.926636419832434,602048
2486,230.956858,7,2,44.96864360340941,402873
3809,353.867527,11,3,99.49093933287283,664837
954,88.629462,4,2,54.99273100061195,187151
3337,310.017311,9,3,9.731968675197198,551145
2209,205.222727,7,2,61.08085681611607,394331
4857,451.229871,13,3,16.006844994118115,794513
1584,147.158352,4,3,4.062826828402855,287909
3975,369.289425,11,2,97.10347321404757,645960
3606,335.008218,10,1,77.58035026192182,594700
1337,124.211311,4,2,98.03079024896293,253866
2641,245.356823,8,3,48.309966354202004,454547
3255,302.399265,9,1,53.693495583748636,558410
1324,123.003572,4,2,17.665358635993893,253471
3750,348.38625,10,2,25.443835240090973,610688
4931,458.104693,13,2,84.01637227538,807530
4915,456.618245,14,1,36.26237906464182,791653
3168,294.316704,9,3,82.85468240584548,520602
4647,431.720241,13,2,71.19235870441615,751914
3501,325.253403,9,2,18.539921601914685,607295
1771,164.531213,5,2,51.23719024585447,334089
1966,182.647298,6,2,68.06134483035297,340960
3574,332.035322,9,2,24.268684265578685,571905
2782,258.456146,7,3,83.23816254148761,469399
1653,153.568659,5,3,54.9379380969735,316932
4946,459.498238,13,2,17.358962993817716,809486
4536,421.408008,13,1,58.71545819029564,735875
4569,424.473807,13,3,99.9716666114355,752701
1374,127.64872199999999,5,1,15.901627674677941,237617
4061,377.279083,11,3,81.85893608183328,675462
1948,180.975044,6,2,21.52359131556824,324202
2515,233.651045,8,3,78.45644461654864,408904
4654,432.370562,12,2,73.72321438901992,777397
3291,305.743773,9,3,30.748449174442804,529712
3460,321.44438,10,2,33.25648863888053,560778
3924,364.551372,11,2,79.459617804329,654337
3851,357.769453,11,2,46.68310567684395,648503
804,74.694012,4,2,73.35098484246907,179127
1676,155.705428,5,1,15.650430589217642,271624
1791,166.389273,6,2,85.4032204082538,321210
4942,459.126626,14,1,71.37758695154959,780398
1435,133.315805,4,1,90.78733807464856,267834
2493,231.607179,8,2,14.104865524462273,435250
2482,230.585246,7,1,59.70843553569917,381180
919,85.377857,3,3,60.31293791899219,188741
1630,151.43189,5,2,35.99261331413146,284437
4475,415.740925,13,1,46.38817603235652,696676
2169,201.506607,7,2,4.760174765695494,375084
1540,143.07062,4,2,74.84014382407419,264743
916,85.099148,4,2,55.38292546091423,168978
3638,337.981114,11,1,6.716364135048204,594809
1950,181.16085,5,3,68.39483340308807,373687
2731,253.718093,7,3,47.2114256458876,462950
1812,168.340236,6,1,4.411664683075,289421
2464,228.912992,7,2,96.99116495796144,418414
1881,174.750543,6,1,94.9621021658546,351262
1312,121.888736,5,1,51.777339198572555,243902
3649,339.003047,11,1,10.27356964988511,582889
1359,126.255177,5,2,75.7075009382606,263687
4472,415.462216,12,1,49.70117891046718,715175
4143,384.897129,11,2,30.942300350648612,690824
4870,452.43761,13,1,49.65039957532712,764192
2270,210.88981,6,3,52.721970395140985,383085
1380,128.20614,5,1,56.70845820321158,232589
3094,287.441882,9,1,44.681147651877325,499936
3947,366.688141,10,3,60.96977501076661,632864
2479,230.306537,8,2,91.95473635003135,433512
4306,400.040318,12,2,36.86454062276052,693587
3544,329.248232,10,1,72.84592985877497,564983
4156,386.104868,11,3,89.55080312559899,695147
4845,450.115035,13,2,46.14194830023376,798730
2043,189.800829,6,1,44.902127801808504,355798
3918,363.993954,11,3,60.609581550123174,606669
2941,273.227723,8,2,59.54926918282632,522866
3859,358.512677,10,2,80.85234489030142,646224
3759,349.222377,10,3,48.171854994050975,647830
3065,284.747695,8,3,99.61617201430467,541034
3279,304.628937,9,3,6.887685317860797,557585
2435,226.218805,7,3,1.3136170094894721,413591
2557,237.55297099999999,8,1,64.37963284440275,427491
2870,266.63161,9,3,30.545056323825793,487211
3649,339.003047,10,2,24.797856481248896,581677
4051,376.350053,11,2,31.878008920423767,660533
4530,420.85059,13,1,26.348708945390477,680367
3289,305.557967,10,2,4.048214916384337,534803
2431,225.847193,7,2,97.18177119666828,444256
3616,335.937248,10,3,22.85380335682539,593385
1815,168.618945,5,2,73.66894649634132,352896
2148,199.555644,6,1,76.49704307472335,368543
3887,361.113961,11,3,92.9964824027157,661689
3639,338.074017,10,3,4.0243962522446175,578480
1135,105.444905,3,1,87.33278550625376,237145
1695,157.470585,5,3,53.19539190314022,313378
4346,403.756438,11,3,63.621866886616964,706328
1651,153.382853,6,1,64.80255743498233,257002
2487,231.049761,8,3,82.15998269348803,430666
2731,253.718093,8,1,34.00732489375194,454653
4546,422.337038,12,1,73.57206779613935,744045
3227,299.797981,9,2,53.32923286249751,558130
2368,219.994304,7,2,79.54600741622943,441634
4800,445.9344,13,3,99.0640572442432,803506
3538,328.690814,9,3,20.86445072297236,571441
4298,399.297094,12,1,99.47021551443979,695021
4713,437.851839,13,3,9.891403273994626,765012
1866,173.356998,6,1,1.2294372425765727,322940
3244,301.377332,10,1,5.372031681605295,547099
4907,455.875021,13,3,34.83645806893941,825208
4173,387.684219,11,1,63.65772673716498,707689
4769,443.05440699999997,13,2,7.833924547897113,779325
3346,310.853438,9,3,1.5609156384271596,555130
1553,144.278359,5,2,93.77201181742068,311944
2882,267.746446,9,3,82.37073695805303,518695
3574,332.035322,9,1,81.10913394276407,585112
3696,343.369488,11,3,88.55800327469574,609121
4985,463.12145499999997,13,2,70.30339300443833,790299
1575,146.322225,4,1,11.336008845060062,260371
2425,225.289775,7,3,40.51091861929858,396122
3869,359.441707,10,3,72.59179915999832,643616
1217,113.062951,5,3,28.75311161836057,218304
914,84.913342,3,2,69.05323004948752,179157
1416,131.550648,5,2,3.425346378497583,263603
4774,443.518922,13,3,31.307596747079728,770085
4067,377.836501,12,1,55.363903291440096,662567
1625,150.967375,6,1,63.57689312111798,311942
2316,215.16334799999998,6,2,58.127025781729174,411993
3946,366.595238,10,1,70.07787133126952,663698
1212,112.59843599999999,5,2,1.602786075744068,223320
1528,141.955784,5,3,10.993178797774627,300575
4148,385.361644,11,2,87.02548097563536,685001
3608,335.194024,11,2,68.49311576492596,597429
1475,137.031925,4,3,12.180232625915119,290608
4265,396.231295,12,1,84.36536930245934,678540
3304,306.951512,9,2,24.980890564632123,570950
3767,349.965601,11,2,48.34772853532712,610488
3586,333.150158,10,3,15.374454775581368,567703
1922,178.559566,5,1,71.30089558574896,347362
4879,453.273737,14,2,67.01858768041252,779593
2371,220.273013,7,3,21.900134645447483,435417
2943,273.413529,8,2,86.47667591884318,492251
2487,231.049761,8,3,40.729296397751504,430912
4932,458.197596,13,1,29.958994016003437,759407
4651,432.091853,12,1,16.080629356989007,748059
4240,393.90872,12,1,27.35063323903821,664809
4566,424.195098,13,1,3.1806652011578826,730936
3126,290.414778,9,2,58.74249175315544,514223
3714,345.041742,11,2,84.38084388805085,583272
4752,441.475056,13,1,55.34906449472254,760837
1395,129.599685,5,1,22.708122230463697,250088
1528,141.955784,5,1,4.333248643173399,278282
2165,201.134995,6,2,22.248179252621483,392539
1498,139.168694,5,1,42.196021379038136,296825
1195,111.019085,3,1,76.20153144127985,242452
4971,461.820813,14,1,19.596442401239635,788748
3302,306.765706,10,3,72.25935388211393,533341
2619,243.312957,7,1,86.82641336683649,448245
1517,140.933851,5,3,45.94073796272735,284962
3582,332.778546,10,3,82.32176717261673,595784
4377,406.636431,11,1,55.91107745547446,712226
943,87.607529,4,3,64.0719928710096,216092
3940,366.03782,11,1,53.101567573482065,624344
3738,347.271414,11,2,46.854098958382835,597561
4436,412.117708,12,2,24.230690735809084,708156
4022,373.655866,12,2,31.01621188664356,640274
1967,182.74020099999998,6,2,29.707041775417295,316372
3416,317.356648,10,3,56.76560416442766,553804
1862,172.985386,6,1,12.875415609365103,298390
2956,274.621268,8,1,91.76237737953117,514879
3782,351.359146,10,1,72.34485938302821,642311
4094,380.344882,12,2,40.74311746040617,645817
1956,181.718268,6,2,16.70379030811142,344931
1532,142.327396,4,1,88.31722480244196,295566
1753,162.858959,5,2,82.55403092001535,297076
3339,310.203117,10,1,72.45043371900076,552754
4124,383.131972,11,1,27.883157693712995,697179
4101,380.995203,12,1,40.84221710593322,668475
2342,217.578826,6,1,11.172076992789913,384854
1991,184.969873,5,1,19.71491294802564,329190
3793,352.381079,10,1,78.51864709435655,589316
3481,323.395343,9,1,71.7888331662177,578564
2017,187.38535099999999,7,2,59.75509053461754,383718
2340,217.39302,6,1,89.67694586669111,391732
4036,374.956508,11,1,58.7433852634915,623114
3186,295.988958,9,2,47.22983199639746,517382
4519,419.828657,12,2,34.696703884270505,738013
2188,203.271764,6,2,94.10440206788108,380593
2656,246.750368,8,1,9.188830690910995,422930
2165,201.134995,6,3,93.15784983402003,388668
1299,120.680997,5,3,82.84475133317082,259864
2480,230.39944,8,2,13.863062529034428,393946
1310,121.70293,5,3,56.9334514098501,249627
2124,197.325972,7,2,86.7882501931596,368498
1955,181.625365,5,1,57.609107197108216,330158
2627,244.056181,8,3,90.8127823345016,441957
3941,366.130723,10,1,94.3553978647882,659139
4286,398.182258,11,3,42.816067696246286,686797
2610,242.47683,7,1,38.354052479226034,404246
3723,345.877869,10,3,93.69579424294652,626153
3014,280.009642,8,1,67.83886605381714,511545
4986,463.214358,13,1,12.48624545346876,773457
1513,140.562239,4,3,5.186883173045438,264592
4402,408.959006,12,1,56.89827604872905,696943
4934,458.383402,13,1,93.08692557840403,788517
4322,401.526766,11,1,84.58062153817602,716818
2043,189.800829,7,3,67.9089268999693,363320
4509,418.899627,13,3,14.772469040217665,736898
1881,174.750543,6,1,26.168906991120863,307851
1255,116.593265,4,1,87.675611428709,235029
1694,157.377682,6,3,19.097916429033145,317229
2184,202.900152,7,3,28.565501416793023,366229
2758,256.226474,8,1,13.830464468348753,466648
3872,359.720416,10,1,67.9347149100267,619961
2796,259.756788,7,1,94.45424823095775,468465
1304,121.145512,4,2,27.62783512794321,266178
2014,187.106642,6,3,48.0652541771573,350175
2331,216.556893,7,2,63.79963423140922,404590
4240,393.90872,12,3,99.94715857334744,710235
1623,150.781569,6,3,11.375998434759639,294122
1728,160.536384,6,3,50.358509151065206,318097
933,86.678499,3,3,39.12689187034751,191927
2905,269.883215,8,3,86.71619635701316,478559
4427,411.281581,12,3,48.12080537015393,723898
2652,246.378756,8,3,11.986774933929661,434210
4975,462.192425,13,2,63.80799038337178,810648
3733,346.806899,10,1,77.3072812081241,630992
4084,379.415852,12,1,1.2852439148958448,620773
3611,335.472733,11,2,86.03671185664233,619464
2050,190.45115,6,2,19.416277000560896,345217
4312,400.597736,11,2,55.654867100684406,695966
2056,191.008568,6,2,42.16395256805757,343146
4176,387.962928,11,3,72.24572784444251,688676
4286,398.182258,11,1,37.74499986378844,686451
4384,407.286752,11,3,87.10655449148936,736175
2196,204.014988,7,1,73.31913973492023,367942
4437,412.210611,13,1,65.12360393522923,738486
4130,383.68939,12,2,79.82781896072258,685436
3503,325.439209,9,3,75.64828045790985,586944
1270,117.98681,5,2,4.557928817233781,228699
2153,200.020159,6,3,40.07870103063799,371367
3583,332.871449,9,1,93.1499224343325,587459
3631,337.33079299999997,11,2,13.446702630230396,589865
1157,107.488771,3,2,73.97255849277308,225209
3819,354.796557,10,1,97.48458932219764,617738
1467,136.288701,5,1,6.167664275452192,258900
1945,180.696335,6,1,68.53719418203444,327913
4985,463.12145499999997,14,2,47.34725998880201,802056
4519,419.828657,12,3,58.338350282097494,731171
3545,329.341135,10,2,9.44879231194816,584090
1339,124.397117,5,3,5.257688234827008,261737
3579,332.499837,9,2,67.01979939454125,605084
4936,458.569208,14,2,82.50763355225106,801673
4575,425.031225,13,1,78.41951815836376,743456
3308,307.323124,10,3,54.8367670587575,547326
3579,332.499837,9,2,10.88681529248164,589191
1724,160.164772,5,2,69.11639993976537,324280
3756,348.943668,10,1,24.946999471860448,579879
2381,221.202043,6,1,91.19580157397098,416064
4124,383.131972,12,3,83.98827059502479,700919
1055,98.012665,3,2,71.2289137416517,207151
2638,245.078114,7,3,94.93574962728191,451068
2744,254.92583199999999,8,2,4.11076032961602,446124
809,75.158527,4,3,73.88384208101544,158553
3671,341.046913,11,1,33.69403515430413,594278
1597,148.366091,4,2,90.70052268295017,298139
1815,168.618945,5,3,27.40084446953578,325685
2624,243.777472,7,1,72.76079343218669,449391
3936,365.666208,11,1,87.88705494542737,631007
2993,278.058679,9,3,5.12402501988556,499072
1023,95.03976899999999,3,2,40.367110379611574,208171
4958,460.613074,14,2,76.46859417017193,791667
4725,438.966675,13,1,46.03697006125112,759259
4800,445.9344,14,2,27.458010349565935,766702
2433,226.032999,7,2,22.760729533495812,400034
2952,274.249656,9,2,14.020308424721414,489845
1310,121.70293,5,1,85.85582642577194,244310
1184,109.997152,3,3,57.960184921904045,244648
1204,111.855212,4,2,8.562109554154143,218724
2800,260.1284,9,1,38.875452033492905,443428
3556,330.363068,10,1,37.40563142970588,579885
2468,229.284604,7,3,18.992179880236836,422439
2260,209.96078,6,2,44.115254921746875,371605
4436,412.117708,13,2,33.87783717392051,723433
3524,327.390172,10,3,34.83856684372607,591041
4978,462.471134,14,3,74.16362922100791,793483
2848,264.587744,9,1,23.103075165014435,456926
4946,459.498238,13,1,64.54413592668018,787678
1516,140.840948,5,3,57.49431276421255,272516
2623,243.684569,8,2,57.24115872144886,454504
2881,267.653543,8,1,66.63772726803582,482712
4219,391.957757,12,1,55.28982158336974,662504
2374,220.551722,6,2,88.04625636979208,401372
1049,97.455247,4,1,67.88242910307572,223742
1473,136.846119,5,2,55.149361885767426,295013
2965,275.457395,8,2,83.14654890847684,509460
1570,145.85771,4,2,61.0085099284145,284532
4762,442.404086,13,3,29.82328053073272,758665
2784,258.641952,8,3,21.50239689948055,475145
1877,174.378931,6,3,16.0804507806052,330904
1035,96.154605,3,2,90.04606604206406,189108
1188,110.368764,4,2,71.30340774800851,247938
3837,356.468811,10,3,93.80046537826776,659497
2648,246.007144,7,1,60.72588876577936,455403
3614,335.751442,11,2,47.86668726799634,575299
4174,387.777122,11,1,6.9119324081180435,652929
4078,378.858434,12,1,67.49258587305695,632332
2052,190.636956,7,2,58.63866721705489,383468
4781,444.169243,13,2,99.03068046517453,771605
2922,271.462566,9,1,24.67671900044206,513234
2950,274.06385,9,1,53.54299817339675,517537
2129,197.790487,6,3,65.44477617668919,363887
2158,200.484674,6,3,64.81452629949202,371038
3282,304.907646,10,2,56.56806075189187,550606
2817,261.707751,9,3,77.91587302239532,456815
2131,197.976293,6,3,21.293139743154825,362334
2158,200.484674,6,3,72.83709282716717,375195
3977,369.475231,10,3,62.35372257187583,681788
2928,272.019984,8,1,89.71143606766276,494557
2980,276.85094,9,2,84.8722494643246,499702
937,87.050111,4,3,32.19955687412278,182517
4272,396.881616,11,1,28.347495172540153,694880
3632,337.423696,11,1,98.18367906139234,591986
4379,406.822237,11,1,53.1992529106104,701735
3831,355.911393,11,3,90.73567542752924,628210
4964,461.170492,13,3,17.224221354267737,770281
3393,315.219879,10,2,64.63907256521725,546937
4618,429.026054,12,3,81.17615854869803,746405
4938,458.755014,13,3,94.79212970905823,800709
4623,429.490569,13,1,34.39667396068533,732037
4842,449.836326,13,2,72.7731358224812,779520
2706,251.395518,8,3,54.342487894922286,454438
1560,144.92867999999999,5,3,7.002263680580351,300637
4245,394.373235,11,1,69.30997399358539,699831
1699,157.842197,6,1,69.3195592655465,301687
3747,348.107541,11,3,93.13007367980717,629489
2519,234.022657,8,2,50.233932170728266,422315
1080,100.33524,4,2,23.794841150340954,164106
4066,377.743598,12,1,5.411818521419236,646289
2687,249.630361,7,1,42.14857648190466,451063
4066,377.743598,12,3,30.88975330767268,636888
1466,136.195798,5,1,76.34774229636368,277660
4988,463.400164,14,3,36.07250871926362,796205
1471,136.660313,5,2,94.95804843516954,284710
2769,257.248407,8,2,96.26871009579064,470847
4956,460.42726799999997,13,3,62.469950431553094,819658
3922,364.365566,11,1,92.93736841447341,645280
4700,436.6441,12,2,76.32458010693507,775301
1323,122.910669,4,1,55.139104456537495,260748
3193,296.639279,8,2,18.850485606855035,505926
3917,363.901051,10,3,46.40119640787016,630744
3393,315.219879,10,3,56.52657187289914,572029
2768,257.155504,7,3,86.532196492766,472023
2553,237.181359,7,2,48.65200427703083,429101
3096,287.627688,9,1,89.8697925951177,536672
3061,284.376083,9,1,67.76054892332343,503046
3086,286.698658,9,1,14.562907242313466,486278
3678,341.697234,10,2,99.50315556318421,599093
4943,459.219529,14,2,53.19603341463735,824824
4444,412.860932,13,2,39.79397134449881,711885
2855,265.238065,8,2,66.25226268248312,461036
2076,192.866628,7,2,11.780438084122869,327214
3566,331.292098,10,1,64.01732602858209,573333
1102,102.379106,4,2,50.325364049428025,212417
1438,133.594514,5,2,41.26073292985973,278189
855,79.432065,3,1,95.34898209671101,195104
1325,123.096475,5,2,52.73143195647327,249201
4923,457.361469,14,1,22.692630467523905,771175
2925,271.741275,8,1,46.43738445835257,488131
4087,379.694561,12,3,92.0193530526946,650222
1164,108.139092,3,3,18.43345166172887,253002
2446,227.240738,8,3,22.181746830135452,426147
1718,159.607354,5,3,2.2899272079512913,316162
3597,334.172091,9,2,2.4048148901809507,563918
2331,216.556893,6,3,83.10977106889274,430511
4145,385.082935,11,1,73.48013807745262,664545
2706,251.395518,8,2,36.14906458874387,438841
3886,361.021058,10,3,70.1328045655297,641338
2875,267.096125,9,1,40.12538670468705,473336
1513,140.562239,4,2,95.33678280378493,269839
1862,172.985386,5,2,96.73821546117745,325223
2776,257.898728,7,3,39.88658380512499,454778
2096,194.724688,7,2,85.56796872774594,357057
925,85.935275,3,1,77.53581512804915,183435
4396,408.401588,12,2,31.689993780007143,684903
4083,379.322949,12,1,23.97194306120949,641873
2403,223.245909,8,2,46.36523038889055,425400
866,80.453998,4,3,78.35353522082622,202920
1032,95.875896,4,1,96.0566106881458,193263
2956,274.621268,9,2,76.59432781779068,513091
1969,182.926007,6,2,85.66549151681863,322986
2958,274.807074,9,2,60.70336631088114,532277
2293,213.026579,7,1,83.70537525337046,415195
4807,446.584721,13,1,78.65766494233834,763385
3272,303.978616,9,1,38.32156865070173,539200
3460,321.44438,9,3,55.64703990995139,554115
3539,328.783717,9,3,80.67055907697979,592890
2561,237.924583,7,1,5.559616684805681,417506
4314,400.783542,12,2,80.99984895322716,690778
2775,257.80582499999997,8,3,18.610924280853318,457943
3162,293.759286,9,1,51.953678095022454,511185
1676,155.705428,6,2,81.01926851603783,290627
4612,428.468636,13,3,26.12828673751279,729153
4248,394.651944,12,2,25.334936491309147,660639
2112,196.211136,7,2,40.873675447762935,377834
2260,209.96078,6,2,89.56963696018582,382932
3509,325.996627,9,2,1.0438353622835805,548228
3124,290.228972,8,3,90.23692656755156,544269
2533,235.323299,7,3,16.22689543951917,433739
2405,223.431715,8,3,99.01855123068073,437621
3363,312.432789,10,1,95.52985231080834,572297
4221,392.143563,12,3,49.97284376953705,717206
4317,401.062251,11,2,51.759304533450184,695561
3197,297.010891,9,3,48.67338468730957,512420
4535,421.315105,13,2,63.908920920292736,737097
3670,340.95401,11,1,9.981448521258173,577461
1960,182.08988,5,2,4.229176885815084,320483
1042,96.804926,4,2,6.712589913173987,199141
3390,314.94117,9,2,44.99216957490992,570484
1863,173.078289,5,1,28.279245982728856,307565
3395,315.405685,9,3,62.58191667472838,585882
1719,159.700257,5,3,99.25178664810312,307856
805,74.786915,4,1,39.245994134570125,159940
1267,117.708101,4,2,57.810284156346825,247406
4970,461.72791,13,3,42.14478569482621,793110
803,74.601109,4,1,84.87989510446408,145785
1445,134.244835,5,3,90.32140394276158,293725
917,85.192051,3,1,87.85820560832074,180769
3728,346.342384,11,2,97.4628516292465,629866
3351,311.317953,9,3,3.724399328901114,529432
1646,152.918338,5,1,84.14180005240758,282326
3562,330.920486,9,3,75.42544513087023,607321
1941,180.324723,5,3,23.640746530636115,345985
2610,242.47683,8,3,95.67568924536523,449056
1523,141.491269,4,3,15.669614894764601,281909
1024,95.132672,4,1,68.27544278625693,187944
2848,264.587744,9,2,23.264131464775335,473506
2373,220.458819,7,1,43.70668422863339,401619
2628,244.149084,8,1,72.19682979751232,438032
2717,252.417451,7,1,56.76913956127162,441374
2826,262.543878,9,2,43.32268130148306,473618
4544,422.151232,12,3,33.30750466226674,732436
1701,158.028003,6,3,84.12630591517024,309987
2839,263.751617,9,3,15.237620681166558,458390
809,75.158527,3,2,43.5801847764502,170253
1060,98.47718,3,3,90.47199960573907,215144
2473,229.749119,7,2,84.7391054955368,412377
3019,280.474157,9,3,40.69323448483162,506641
2860,265.70258,9,3,76.54772799652952,513434
4513,419.271239,12,1,82.49292224017707,722946
2419,224.732357,7,2,88.99985497635934,443116
1120,104.05136,3,1,54.90607113587357,245696
2142,198.998226,6,1,21.241627719416467,346247
3176,295.059928,9,1,26.275598573889233,516790
3632,337.423696,10,2,30.273772730118818,622410
3624,336.680472,10,2,59.786445600151936,593741
2794,259.570982,7,3,4.248152788732235,465501
3758,349.129474,10,1,63.96820440921686,586443
2838,263.658714,9,3,37.07106960439497,470139
4290,398.55387,11,1,30.228938446474572,692879
4477,415.926731,13,2,88.0701605020845,765603
1918,178.187954,5,2,46.540237162499096,334067
2404,223.338812,7,2,10.410251507736586,377742
4827,448.442781,14,1,82.84793003459845,754540
1035,96.154605,3,2,5.716484486214154,195856
2769,257.248407,8,1,72.94817319265147,482597
2708,251.581324,8,3,77.61671595529585,476283
1175,109.161025,3,1,35.907657986956956,225335
4330,402.26999,12,3,82.65399777150088,730667
3435,319.121805,10,1,52.05028117978889,549856
2370,220.18010999999998,7,3,46.86607167400688,410159
3360,312.15408,10,2,5.494924865400562,537293
4191,389.356473,12,3,29.712890171241682,675520
3765,349.779795,11,2,93.16998711764468,608289
4443,412.768029,13,2,39.7905723650665,709248
4650,431.99895,13,3,55.123351535120065,753108
1672,155.333816,5,1,53.67014621944093,290961
2052,190.636956,6,1,59.45267789244664,352274
2114,196.396942,7,1,7.071764608684979,359589
3698,343.555294,10,1,36.855449225074096,615651
877,81.475931,4,1,72.58969911437286,200735
3421,317.821163,10,2,20.85546485622531,568742
1400,130.0642,4,1,21.154259377089684,230331
1865,173.264095,6,2,1.998970062213448,314743
2936,272.763208,9,2,44.31071073421276,485147
3249,301.841847,10,2,88.39070368666879,535170
3143,291.994129,9,3,6.138193415143592,522812
2663,247.400689,7,3,19.92075224010426,424519
2118,196.768554,7,2,31.69836929593275,389443
4397,408.494491,12,3,73.44074891985707,737166
4562,423.823486,13,1,64.42292368745606,739357
2990,277.77997,8,1,42.17844655360365,491004
1792,166.482176,6,2,76.1478249865792,342462
3512,326.275336,9,1,61.35347015403329,584411
2992,277.965776,8,2,89.70803916606468,523341
2048,190.265344,7,2,81.9846481647306,362711
3854,358.048162,11,1,26.028547002830855,645145
4833,449.000199,13,3,27.87241918578582,793027
2797,259.849691,8,1,13.410291103446177,464875
4487,416.855761,12,1,34.359507846028194,733761
2951,274.156753,8,2,99.95484795319034,496353
4818,447.606654,14,2,41.16936569289104,753421
3910,363.25073,11,2,22.828355034221534,635888
2770,257.34131,7,2,76.48580556307975,469940
997,92.624291,3,3,54.70462934280295,202525
3426,318.285678,9,3,15.8105435031683,580306
2002,185.991806,6,3,38.688278434925714,355544
2835,263.380005,9,2,42.032501838394985,477610
1277,118.637131,5,2,75.62914035635264,241770
2054,190.822762,7,2,3.0464655202985416,361926
1722,159.97896599999999,6,3,27.632945033032737,319354
1219,113.248757,5,2,52.24203383023668,246403
3004,279.080612,8,1,27.61582750283149,483664
3397,315.591491,10,1,63.21497069448089,576754
1920,178.37376,6,2,48.70488044818704,365322
3868,359.348804,11,1,36.80931523109848,635192
1750,162.58025,6,1,94.97165406018071,304355
3136,291.343808,9,3,63.583790419459284,516083
3043,282.703829,8,2,13.864195854526182,493592
3445,320.050835,9,2,56.449078046896155,559574
2657,246.843271,7,3,78.2924534668892,458142
2665,247.58649499999999,8,1,71.14048005178694,458464
3712,344.855936,10,1,18.03683370023068,599756
3653,339.374659,10,2,97.26957990497023,610438
4028,374.213284,12,1,45.43255092891399,644668
4519,419.828657,13,3,16.743475370285868,725091
4028,374.213284,12,3,18.839379658686646,664916
3171,294.595413,8,2,10.725264226718968,487615
3691,342.904973,10,3,80.5482927350585,614588
4556,423.266068,13,3,13.081018937863016,735336
894,83.055282,4,2,13.387400457032946,188531
3474,322.745022,9,3,85.19668986132292,567988
2755,255.947765,7,3,35.1158043603084,449329
1593,147.994479,5,3,4.054932526499172,293520
2634,244.706502,8,1,6.137634652322677,402760
2916,270.905148,8,2,15.07487422368566,500397
4906,455.782118,14,2,22.125941449593263,783724
4125,383.224875,11,2,66.84947322960213,695500
3719,345.506257,10,1,16.575301720180995,579858
3397,315.591491,9,1,12.768564726530126,540558
4005,372.076515,11,2,76.70719500615164,619973
1614,149.94544199999999,6,1,67.43447310213153,278651
1145,106.373935,4,2,44.097097924068386,217811
3149,292.55154699999997,8,1,55.381667376530295,488985
1162,107.953286,3,3,31.886418012315428,219757
3243,301.284429,9,3,48.76754160330071,511393
3065,284.747695,8,2,51.16059224929183,506120
2988,277.594164,8,1,39.336489846631494,508273
3805,353.495915,11,1,90.75064885654412,623375
4081,379.137143,12,3,2.5901246331196086,682541
1784,165.738952,6,3,78.43495504603337,340081
2439,226.590417,8,1,13.313900292891107,423734
1627,151.153181,5,1,79.95718869318274,283567
3530,327.94759,9,1,61.9752796519954,565057
4331,402.362893,11,1,84.48453100270383,706731
3735,346.992705,10,1,10.653918238448849,573715
4676,434.414428,12,1,56.33908277587763,754734
926,86.028178,4,2,50.60770014595751,184162
3977,369.475231,10,1,70.9131251133725,665682
3856,358.233968,11,3,53.894764637473905,644371
1403,130.342909,5,2,54.53272214617731,277807
4249,394.744847,12,1,43.5299984140304,669742
4946,459.498238,14,3,31.574607976726742,808938
4333,402.548699,11,2,48.744171763967024,721369
4167,387.126801,12,3,12.730743518071659,672015
4168,387.219704,12,1,96.1898205593254,668347
4597,427.075091,13,1,71.72666559903323,728068
2592,240.804576,7,1,95.29424455209683,461444
3661,340.117883,10,1,23.44601085066636,629104
4276,397.253228,11,2,88.05476099747628,684286
4217,391.771951,12,2,81.07020847179031,672886
2445,227.147835,8,3,68.03808883330969,439178
2005,186.270515,6,1,62.877889422435366,337016
3830,355.81849,11,3,32.33841686151913,641243
3672,341.139816,10,2,81.82466771153804,614145
3872,359.720416,10,1,50.65003068649364,625570
2654,246.564562,8,1,8.018266013237252,441322
4821,447.885363,14,2,31.97345292465787,775247
3508,325.903724,10,2,93.59441275598743,582224
4302,399.668706,12,2,85.21734579987978,675998
2132,198.069196,6,2,98.20866410957737,382121
1001,92.995903,3,2,63.17134487780571,226380
4307,400.133221,11,1,25.503497240900785,662019
1374,127.64872199999999,4,2,17.118689918009515,235036
1336,124.118408,4,1,19.5045296202377,245703
2425,225.289775,8,1,2.9597701763781843,399920
2922,271.462566,8,2,39.67752898760798,492403
1185,110.09005499999999,3,2,19.95134036945471,211250
4081,379.137143,11,1,41.75389058521354,672937
1274,118.358422,5,2,93.56444875203778,250516
1217,113.062951,5,2,43.62348074121181,241729
4400,408.7732,13,2,87.92046520149864,722388
1754,162.951862,6,3,60.94497189497177,322921
2005,186.270515,6,1,25.466023911477798,350245
4920,457.08276,13,3,36.22962116666193,793043
2790,259.19937,8,2,9.308034046321511,442508
4372,406.171916,12,3,34.01279676600504,723912
4958,460.613074,13,2,68.07655360484988,809587
3513,326.368239,9,3,8.138998200014083,541975
3003,278.987709,9,2,21.334739439324906,484903
3920,364.17976,11,3,38.76266309991784,656387
1766,164.066698,6,3,98.22290416458029,302140
4232,393.165496,12,3,78.70132047292914,709693
1488,138.239664,4,1,73.61518790271829,270804
4501,418.156403,12,3,12.50290469601915,742754
1141,106.002323,3,1,78.31859346788416,221796
2524,234.487172,8,2,78.7416123400855,423517
2592,240.804576,8,3,60.5091668668085,450523
2559,237.738777,7,2,99.04581641783882,443203
4012,372.726836,11,2,33.20013668653064,636277
1789,166.203467,5,3,94.18597237594331,365462
3062,284.468986,8,1,91.55838038069386,498045
3282,304.907646,10,3,2.136585315188406,504082
1751,162.67315299999999,5,2,45.56153612100629,335487
1522,141.398366,4,2,97.73331907210576,279093
4189,389.170667,11,3,11.209014878399504,671140
2879,267.467737,8,1,55.23068474394862,472527
3517,326.739851,9,1,97.9167931970693,573588
3132,290.972196,8,2,55.99404698648016,509505
4176,387.962928,11,2,19.791714994243442,655406
2300,213.6769,7,1,58.636139779166385,392698
1085,100.799755,4,3,21.23961682100514,205968
4295,399.018385,12,2,52.45072202655394,705695
2865,266.167095,9,1,8.330179573322452,473656
1568,145.671904,4,2,60.94278425222606,273475
3857,358.326871,11,3,52.16220397368766,635610
2961,275.085783,9,1,74.27597550738484,487737
4093,380.251979,11,2,63.43934664471972,651762
1746,162.208638,5,3,55.41102058454491,328323
4135,384.153905,12,2,69.288106075564,672287
4950,459.86985,14,3,15.250249443650855,784436
2281,211.911743,6,3,59.9406064646018,386304
2701,250.931003,8,1,18.03894967945499,428338
4251,394.930653,11,3,92.62669857733621,731006
4864,451.880192,13,2,7.765076379714817,776164
854,79.339162,3,3,43.607100219388535,165454
2623,243.684569,7,3,69.88395028788904,456744
4262,395.952586,12,1,46.344198955157616,699499
3879,360.370737,10,3,10.117430070057333,631386
1632,151.617696,5,3,55.78452259654403,321567
3606,335.008218,11,2,64.5215589739081,570662
3290,305.65087,9,1,70.67543878806026,512765
1127,104.701681,4,1,37.952721631813134,215548
4110,381.83133,12,1,56.80233713184746,667007
4100,380.9023,12,3,45.6179610189524,619031
4475,415.740925,12,1,67.53354783647309,710403
3854,358.048162,11,3,58.772139765157036,619724
2943,273.413529,9,3,53.049865736354356,476180
2111,196.118233,6,2,25.702912316986616,346624
3991,370.775873,11,2,1.1998332570751578,647826
3338,310.110214,10,2,18.2340858558315,529085
4783,444.355049,13,2,12.589538100992696,745221
964,89.558492,4,2,45.45938975608373,169409
1622,150.688666,6,3,61.61355692542262,319656
1743,161.929929,5,3,22.09541585979601,317388
1574,146.229322,5,1,93.96665250075152,252507
2998,278.523194,9,3,1.6615307931648902,480298
3956,367.524268,10,3,77.45780050136895,661819
4495,417.59898499999997,12,2,62.89527218351378,746049
4252,395.023556,11,3,37.98192530372051,703008
1714,159.235742,6,2,5.998405496828385,292964
2108,195.839524,6,1,63.12117060664366,334853
4977,462.37823099999997,14,1,39.175737773699154,802438
1313,121.981639,5,3,93.69044680190869,256234
2720,252.69616,7,1,54.65701741408682,454964
4394,408.215782,11,3,94.02549961805731,720243
2209,205.222727,7,1,22.827885653857106,350582
3990,370.68297,10,2,72.84686512604623,658533
2355,218.786565,7,2,62.10765306402384,409068
1604,149.016412,5,2,74.20141475329987,289053
2079,193.145337,6,2,22.25211853328114,363367
4377,406.636431,11,3,66.83445710753959,694306
3701,343.834003,11,1,50.30599891263003,596176
2187,203.178861,6,3,74.53967251572531,388349
3561,330.827583,10,2,33.37741977102996,554801
3479,323.209537,10,3,89.11564552106,583816
2906,269.976118,9,1,9.345830146523687,483773
3568,331.477904,10,3,80.91174256032761,591833
4753,441.567959,12,1,86.27064295569399,764692
3986,370.311358,11,3,81.9079788253153,667716
4080,379.04424,12,1,51.75991303191583,651534
3373,313.361819,9,1,44.40011302304537,545363
3399,315.777297,10,2,99.6299663659628,552125
4833,449.000199,13,1,23.68802317020205,764463
1036,96.247508,4,2,55.14072062172841,201405
2104,195.467912,6,2,67.39687701285023,376565
4230,392.97969,12,2,70.38589595028176,697029
2101,195.189203,6,3,21.19844190811929,376257
3341,310.388923,10,3,65.74541514164032,551675
2851,264.866453,9,3,82.0185870816524,456405
1241,115.292623,4,3,5.95183910529011,243464
2876,267.189028,8,1,91.24060803920634,491114
3980,369.75394,10,1,3.9209014593753873,623254
3457,321.165671,9,3,36.24113221635104,579122
4598,427.167994,13,1,2.565506427063245,703484
1604,149.016412,6,1,8.637371685418604,292781
874,81.197222,3,2,91.20566023282782,184336
2975,276.386425,9,2,36.131222243868635,481042
4724,438.873772,12,2,43.05238151208024,747884
2889,268.396767,8,2,22.31909375687271,474341
840,78.03852,4,1,60.11248124848526,172842
2881,267.653543,9,3,59.885518253101175,489851
2422,225.011066,8,1,37.847838790696706,399425
1141,106.002323,4,1,33.97045230873444,215947
4852,450.765356,14,1,88.6114665098782,780646
2874,267.003222,9,2,38.945139724577935,469175
1445,134.244835,5,2,49.85659822328642,254748
1409,130.900327,4,2,29.047171480068133,266284
1254,116.500362,4,3,78.89018083235561,256742
3753,348.664959,10,1,40.34736753301007,606876
2508,233.000724,7,3,51.84749360788813,445432
4272,396.881616,11,2,26.08235983590648,656596
3769,350.151407,11,3,98.77829964178393,621639
3828,355.632684,10,1,29.858078351448565,597826
3481,323.395343,9,1,77.30351055964961,606454
4429,411.467387,12,2,43.32206938531916,723712
3867,359.255901,10,2,21.41552310332985,623147
2186,203.085958,6,3,80.17215763252126,400709
4576,425.124128,12,2,34.02707211387527,749949
3666,340.582398,10,2,86.6541413923833,623815
4163,386.755189,12,1,91.61046130686448,691597
4924,457.454372,14,2,86.12255970373631,791886
948,88.072044,3,2,4.4657835658737595,175572
4650,431.99895,13,1,78.94996115550545,733857
2858,265.516774,9,1,41.72260718341524,479581
1936,179.860208,6,3,87.49856909804028,350515
986,91.602358,4,2,64.15747200578915,194454
3654,339.467562,10,1,83.53067028025188,592746
2050,190.45115,7,3,50.4437452168167,384341
2133,198.162099,7,3,53.96752495529435,390033
4993,463.864679,14,2,15.294375581233055,819464
4950,459.86985,13,2,78.61474851024619,806158
3511,326.182433,9,3,42.51957155503019,581008
2585,240.154255,7,1,50.50793170888668,432470
1550,143.99965,4,3,78.72467369547505,277940
2562,238.017486,7,2,60.28569460786446,417435
4720,438.50216,12,1,20.908774016824076,754791
1281,119.008743,4,1,59.43303325593838,225016
953,88.536559,4,3,41.35565293998592,199392
